{
  "NADL_v1.0": {
    "model_id": "NADL_v1.0",
    "games_played": 950,
    "wins": 243,
    "total_score": -92365,
    "estimation_accuracy_sum": -569.4585714285699,
    "estimation_accuracy": -0.5994300751879683,
    "win_rate": 0.2557894736842105,
    "avg_score_per_game": -97.22631578947369
  },
  "heuristic_01ba4968": {
    "model_id": "heuristic_01ba4968",
    "games_played": 50,
    "wins": 17,
    "total_score": -4537,
    "estimation_accuracy_sum": -28.103809523809527,
    "estimation_accuracy": -0.5620761904761905,
    "win_rate": 0.34,
    "avg_score_per_game": -90.74
  },
  "heuristic_bfe8dd75": {
    "model_id": "heuristic_bfe8dd75",
    "games_played": 50,
    "wins": 14,
    "total_score": -3932,
    "estimation_accuracy_sum": -9.440476190476188,
    "estimation_accuracy": -0.18880952380952376,
    "win_rate": 0.28,
    "avg_score_per_game": -78.64
  },
  "heuristic_1e3cdfba": {
    "model_id": "heuristic_1e3cdfba",
    "games_played": 50,
    "wins": 8,
    "total_score": -5774,
    "estimation_accuracy_sum": -17.117142857142856,
    "estimation_accuracy": -0.3423428571428571,
    "win_rate": 0.16,
    "avg_score_per_game": -115.48
  }
}