{
  "heuristic_2b11a57f": {
    "model_id": "heuristic_2b11a57f",
    "games_played": 250,
    "wins": 73,
    "total_score": -22774,
    "estimation_accuracy_sum": -153.91761904761904,
    "estimation_accuracy": -0.6156704761904762,
    "win_rate": 0.292,
    "avg_score_per_game": -91.096
  },
  "heuristic_da2836f7": {
    "model_id": "heuristic_da2836f7",
    "games_played": 50,
    "wins": 18,
    "total_score": -3741,
    "estimation_accuracy_sum": -23.060476190476187,
    "estimation_accuracy": -0.46120952380952374,
    "win_rate": 0.36,
    "avg_score_per_game": -74.82
  },
  "heuristic_039d5928": {
    "model_id": "heuristic_039d5928",
    "games_played": 50,
    "wins": 12,
    "total_score": -4525,
    "estimation_accuracy_sum": -15.525714285714287,
    "estimation_accuracy": -0.31051428571428574,
    "win_rate": 0.24,
    "avg_score_per_game": -90.5
  },
  "heuristic_92c6f4a2": {
    "model_id": "heuristic_92c6f4a2",
    "games_played": 50,
    "wins": 9,
    "total_score": -5045,
    "estimation_accuracy_sum": -7.425714285714284,
    "estimation_accuracy": -0.14851428571428568,
    "win_rate": 0.18,
    "avg_score_per_game": -100.9
  }
}