{
  "NADL_v1.0": {
    "model_id": "NADL_v1.0",
    "games_played": 5000,
    "wins": 1324,
    "total_score": -1450630,
    "estimation_accuracy_sum": -1357.40853174603,
    "estimation_accuracy": -0.271481706349206,
    "win_rate": 0.2648,
    "avg_score_per_game": -290.126
  },
  "heuristic_11b29fc5": {
    "model_id": "heuristic_11b29fc5",
    "games_played": 1000,
    "wins": 217,
    "total_score": -303305,
    "estimation_accuracy_sum": -298.46554232804255,
    "estimation_accuracy": -0.29846554232804257,
    "win_rate": 0.217,
    "avg_score_per_game": -303.305
  },
  "heuristic_7a659254": {
    "model_id": "heuristic_7a659254",
    "games_played": 1000,
    "wins": 296,
    "total_score": -283068,
    "estimation_accuracy_sum": -112.26144179894177,
    "estimation_accuracy": -0.11226144179894178,
    "win_rate": 0.296,
    "avg_score_per_game": -283.068
  },
  "heuristic_36f8dc43": {
    "model_id": "heuristic_36f8dc43",
    "games_played": 1000,
    "wins": 232,
    "total_score": -304895,
    "estimation_accuracy_sum": -21.276388888888867,
    "estimation_accuracy": -0.021276388888888866,
    "win_rate": 0.232,
    "avg_score_per_game": -304.895
  }
}