{
  "heuristic_2b11a57f": {
    "model_id": "heuristic_2b11a57f",
    "games_played": 100,
    "wins": 31,
    "total_score": -8618,
    "estimation_accuracy_sum": -45.28523809523809,
    "estimation_accuracy": -0.45285238095238095,
    "win_rate": 0.31,
    "avg_score_per_game": -86.18
  },
  "heuristic_05a6022f": {
    "model_id": "heuristic_05a6022f",
    "games_played": 50,
    "wins": 13,
    "total_score": -5813,
    "estimation_accuracy_sum": -28.146190476190473,
    "estimation_accuracy": -0.5629238095238095,
    "win_rate": 0.26,
    "avg_score_per_game": -116.26
  },
  "heuristic_0a9d6ae6": {
    "model_id": "heuristic_0a9d6ae6",
    "games_played": 50,
    "wins": 10,
    "total_score": -4720,
    "estimation_accuracy_sum": -22.475714285714282,
    "estimation_accuracy": -0.44951428571428564,
    "win_rate": 0.2,
    "avg_score_per_game": -94.4
  },
  "heuristic_108324c2": {
    "model_id": "heuristic_108324c2",
    "games_played": 50,
    "wins": 12,
    "total_score": -6121,
    "estimation_accuracy_sum": -18.32428571428571,
    "estimation_accuracy": -0.36648571428571425,
    "win_rate": 0.24,
    "avg_score_per_game": -122.42
  }
}