{
  "NADL_v1.0": {
    "model_id": "NADL_v1.0",
    "games_played": 2000,
    "wins": 516,
    "total_score": -581981,
    "estimation_accuracy_sum": -546.1406746031744,
    "estimation_accuracy": -0.2730703373015872,
    "win_rate": 0.258,
    "avg_score_per_game": -290.9905
  },
  "heuristic_ebdc3393": {
    "model_id": "heuristic_ebdc3393",
    "games_played": 1000,
    "wins": 226,
    "total_score": -302924,
    "estimation_accuracy_sum": -287.96904761904767,
    "estimation_accuracy": -0.2879690476190477,
    "win_rate": 0.226,
    "avg_score_per_game": -302.924
  },
  "heuristic_122d5c77": {
    "model_id": "heuristic_122d5c77",
    "games_played": 1000,
    "wins": 283,
    "total_score": -284008,
    "estimation_accuracy_sum": -118.50476190476189,
    "estimation_accuracy": -0.11850476190476189,
    "win_rate": 0.283,
    "avg_score_per_game": -284.008
  },
  "heuristic_7e789378": {
    "model_id": "heuristic_7e789378",
    "games_played": 1000,
    "wins": 233,
    "total_score": -306735,
    "estimation_accuracy_sum": -11.497530864197518,
    "estimation_accuracy": -0.011497530864197518,
    "win_rate": 0.233,
    "avg_score_per_game": -306.735
  }
}