{
  "NADL_v1.0": {
    "model_id": "NADL_v1.0",
    "games_played": 4000,
    "wins": 1069,
    "total_score": -1158456,
    "estimation_accuracy_sum": -1088.4764550264542,
    "estimation_accuracy": -0.2721191137566136,
    "win_rate": 0.26725,
    "avg_score_per_game": -289.614
  },
  "heuristic_2e38471e": {
    "model_id": "heuristic_2e38471e",
    "games_played": 1000,
    "wins": 248,
    "total_score": -300254,
    "estimation_accuracy_sum": -288.45119047619096,
    "estimation_accuracy": -0.28845119047619094,
    "win_rate": 0.248,
    "avg_score_per_game": -300.254
  },
  "heuristic_65f6a63b": {
    "model_id": "heuristic_65f6a63b",
    "games_played": 1000,
    "wins": 265,
    "total_score": -294146,
    "estimation_accuracy_sum": -117.51812169312157,
    "estimation_accuracy": -0.11751812169312158,
    "win_rate": 0.265,
    "avg_score_per_game": -294.146
  },
  "heuristic_8f42d86f": {
    "model_id": "heuristic_8f42d86f",
    "games_played": 1000,
    "wins": 219,
    "total_score": -314473,
    "estimation_accuracy_sum": -41.11825396825391,
    "estimation_accuracy": -0.04111825396825391,
    "win_rate": 0.219,
    "avg_score_per_game": -314.473
  }
}