{
  "heuristic_2b11a57f": {
    "model_id": "heuristic_2b11a57f",
    "games_played": 250,
    "wins": 73,
    "total_score": -22774,
    "estimation_accuracy_sum": -153.91761904761904,
    "estimation_accuracy": -0.6156704761904762,
    "win_rate": 0.292,
    "avg_score_per_game": -91.096
  },
  "heuristic_566dd4f5": {
    "model_id": "heuristic_566dd4f5",
    "games_played": 50,
    "wins": 15,
    "total_score": -4987,
    "estimation_accuracy_sum": -27.11714285714286,
    "estimation_accuracy": -0.5423428571428572,
    "win_rate": 0.3,
    "avg_score_per_game": -99.74
  },
  "heuristic_15610e44": {
    "model_id": "heuristic_15610e44",
    "games_played": 50,
    "wins": 12,
    "total_score": -4699,
    "estimation_accuracy_sum": -16.787380952380957,
    "estimation_accuracy": -0.33574761904761913,
    "win_rate": 0.24,
    "avg_score_per_game": -93.98
  },
  "heuristic_b79f4d33": {
    "model_id": "heuristic_b79f4d33",
    "games_played": 50,
    "wins": 7,
    "total_score": -5905,
    "estimation_accuracy_sum": -19.622380952380954,
    "estimation_accuracy": -0.3924476190476191,
    "win_rate": 0.14,
    "avg_score_per_game": -118.1
  },
  "heuristic_05a6022f": {
    "model_id": "heuristic_05a6022f",
    "games_played": 50,
    "wins": 13,
    "total_score": -5813,
    "estimation_accuracy_sum": -28.146190476190473,
    "estimation_accuracy": -0.5629238095238095,
    "win_rate": 0.26,
    "avg_score_per_game": -116.26
  },
  "heuristic_0a9d6ae6": {
    "model_id": "heuristic_0a9d6ae6",
    "games_played": 50,
    "wins": 10,
    "total_score": -4720,
    "estimation_accuracy_sum": -22.475714285714282,
    "estimation_accuracy": -0.44951428571428564,
    "win_rate": 0.2,
    "avg_score_per_game": -94.4
  },
  "heuristic_108324c2": {
    "model_id": "heuristic_108324c2",
    "games_played": 50,
    "wins": 12,
    "total_score": -6121,
    "estimation_accuracy_sum": -18.32428571428571,
    "estimation_accuracy": -0.36648571428571425,
    "win_rate": 0.24,
    "avg_score_per_game": -122.42
  },
  "heuristic_bfff773e": {
    "model_id": "heuristic_bfff773e",
    "games_played": 50,
    "wins": 9,
    "total_score": -5492,
    "estimation_accuracy_sum": -29.66761904761904,
    "estimation_accuracy": -0.5933523809523809,
    "win_rate": 0.18,
    "avg_score_per_game": -109.84
  },
  "heuristic_ee4011b5": {
    "model_id": "heuristic_ee4011b5",
    "games_played": 50,
    "wins": 13,
    "total_score": -5584,
    "estimation_accuracy_sum": -16.327142857142857,
    "estimation_accuracy": -0.32654285714285713,
    "win_rate": 0.26,
    "avg_score_per_game": -111.68
  },
  "heuristic_94b8a852": {
    "model_id": "heuristic_94b8a852",
    "games_played": 50,
    "wins": 13,
    "total_score": -5604,
    "estimation_accuracy_sum": -10.732380952380957,
    "estimation_accuracy": -0.21464761904761914,
    "win_rate": 0.26,
    "avg_score_per_game": -112.08
  },
  "heuristic_32e5cefd": {
    "model_id": "heuristic_32e5cefd",
    "games_played": 50,
    "wins": 10,
    "total_score": -4841,
    "estimation_accuracy_sum": -24.5352380952381,
    "estimation_accuracy": -0.490704761904762,
    "win_rate": 0.2,
    "avg_score_per_game": -96.82
  },
  "heuristic_089ce344": {
    "model_id": "heuristic_089ce344",
    "games_played": 50,
    "wins": 18,
    "total_score": -3925,
    "estimation_accuracy_sum": -8.814285714285711,
    "estimation_accuracy": -0.17628571428571424,
    "win_rate": 0.36,
    "avg_score_per_game": -78.5
  },
  "heuristic_c588f491": {
    "model_id": "heuristic_c588f491",
    "games_played": 50,
    "wins": 6,
    "total_score": -4893,
    "estimation_accuracy_sum": -14.528809523809521,
    "estimation_accuracy": -0.29057619047619043,
    "win_rate": 0.12,
    "avg_score_per_game": -97.86
  },
  "heuristic_da2836f7": {
    "model_id": "heuristic_da2836f7",
    "games_played": 50,
    "wins": 18,
    "total_score": -3741,
    "estimation_accuracy_sum": -23.060476190476187,
    "estimation_accuracy": -0.46120952380952374,
    "win_rate": 0.36,
    "avg_score_per_game": -74.82
  },
  "heuristic_039d5928": {
    "model_id": "heuristic_039d5928",
    "games_played": 50,
    "wins": 12,
    "total_score": -4525,
    "estimation_accuracy_sum": -15.525714285714287,
    "estimation_accuracy": -0.31051428571428574,
    "win_rate": 0.24,
    "avg_score_per_game": -90.5
  },
  "heuristic_92c6f4a2": {
    "model_id": "heuristic_92c6f4a2",
    "games_played": 50,
    "wins": 9,
    "total_score": -5045,
    "estimation_accuracy_sum": -7.425714285714284,
    "estimation_accuracy": -0.14851428571428568,
    "win_rate": 0.18,
    "avg_score_per_game": -100.9
  }
}