{
  "NADL_v3.0": {
    "model_id": "NADL_v3.0",
    "games_played": 1200,
    "wins": 300,
    "total_score": -117242,
    "estimation_accuracy_sum": 489.4838888888893,
    "estimation_count": 1200,
    "successful_calls": 2711,
    "win_rate": 0.25,
    "avg_score_per_game": -97.70166666666667,
    "estimation_accuracy": 0.4079032407407411
  },
  "heuristic_1345d7c4": {
    "model_id": "heuristic_1345d7c4",
    "games_played": 150,
    "wins": 33,
    "total_score": -15507,
    "estimation_accuracy_sum": 62.78523809523812,
    "estimation_count": 150,
    "successful_calls": 296,
    "win_rate": 0.22,
    "avg_score_per_game": -103.38,
    "estimation_accuracy": 0.41856825396825414
  },
  "NADL_v1.0": {
    "model_id": "NADL_v1.0",
    "games_played": 1200,
    "wins": 328,
    "total_score": -113476,
    "estimation_accuracy_sum": 563.1481746031754,
    "estimation_count": 1200,
    "successful_calls": 2921,
    "win_rate": 0.2733333333333333,
    "avg_score_per_game": -94.56333333333333,
    "estimation_accuracy": 0.4692901455026462
  },
  "NADL_v2.0": {
    "model_id": "NADL_v2.0",
    "games_played": 1200,
    "wins": 310,
    "total_score": -120151,
    "estimation_accuracy_sum": 619.3465079365086,
    "estimation_count": 1200,
    "successful_calls": 2739,
    "win_rate": 0.25833333333333336,
    "avg_score_per_game": -100.12583333333333,
    "estimation_accuracy": 0.5161220899470905
  },
  "heuristic_187d781a": {
    "model_id": "heuristic_187d781a",
    "games_played": 150,
    "wins": 26,
    "total_score": -15952,
    "estimation_accuracy_sum": 58.49333333333336,
    "estimation_count": 150,
    "successful_calls": 320,
    "win_rate": 0.17333333333333334,
    "avg_score_per_game": -106.34666666666666,
    "estimation_accuracy": 0.3899555555555557
  },
  "heuristic_06be06c0": {
    "model_id": "heuristic_06be06c0",
    "games_played": 150,
    "wins": 33,
    "total_score": -14719,
    "estimation_accuracy_sum": 57.35285714285713,
    "estimation_count": 150,
    "successful_calls": 342,
    "win_rate": 0.22,
    "avg_score_per_game": -98.12666666666667,
    "estimation_accuracy": 0.3823523809523809
  },
  "heuristic_7b98e235": {
    "model_id": "heuristic_7b98e235",
    "games_played": 150,
    "wins": 34,
    "total_score": -15507,
    "estimation_accuracy_sum": 56.848095238095276,
    "estimation_count": 150,
    "successful_calls": 341,
    "win_rate": 0.22666666666666666,
    "avg_score_per_game": -103.38,
    "estimation_accuracy": 0.3789873015873018
  },
  "heuristic_a5245517": {
    "model_id": "heuristic_a5245517",
    "games_played": 150,
    "wins": 38,
    "total_score": -14300,
    "estimation_accuracy_sum": 59.38452380952381,
    "estimation_count": 150,
    "successful_calls": 341,
    "win_rate": 0.25333333333333335,
    "avg_score_per_game": -95.33333333333333,
    "estimation_accuracy": 0.3958968253968254
  },
  "heuristic_e42a7bb8": {
    "model_id": "heuristic_e42a7bb8",
    "games_played": 150,
    "wins": 29,
    "total_score": -16465,
    "estimation_accuracy_sum": 58.63150793650796,
    "estimation_count": 150,
    "successful_calls": 289,
    "win_rate": 0.19333333333333333,
    "avg_score_per_game": -109.76666666666667,
    "estimation_accuracy": 0.3908767195767197
  },
  "heuristic_4d1ba257": {
    "model_id": "heuristic_4d1ba257",
    "games_played": 150,
    "wins": 31,
    "total_score": -14987,
    "estimation_accuracy_sum": 58.17190476190476,
    "estimation_count": 150,
    "successful_calls": 302,
    "win_rate": 0.20666666666666667,
    "avg_score_per_game": -99.91333333333333,
    "estimation_accuracy": 0.38781269841269844
  },
  "heuristic_c221c444": {
    "model_id": "heuristic_c221c444",
    "games_played": 150,
    "wins": 38,
    "total_score": -13769,
    "estimation_accuracy_sum": 64.78619047619047,
    "estimation_count": 150,
    "successful_calls": 394,
    "win_rate": 0.25333333333333335,
    "avg_score_per_game": -91.79333333333334,
    "estimation_accuracy": 0.43190793650793646
  }
}