{
  "heuristic_2b11a57f": {
    "model_id": "heuristic_2b11a57f",
    "games_played": 150,
    "wins": 46,
    "total_score": -14191,
    "estimation_accuracy_sum": -88.52047619047619,
    "estimation_accuracy": -0.590136507936508,
    "win_rate": 0.30666666666666664,
    "avg_score_per_game": -94.60666666666667
  },
  "heuristic_bfff773e": {
    "model_id": "heuristic_bfff773e",
    "games_played": 50,
    "wins": 9,
    "total_score": -5492,
    "estimation_accuracy_sum": -29.66761904761904,
    "estimation_accuracy": -0.5933523809523809,
    "win_rate": 0.18,
    "avg_score_per_game": -109.84
  },
  "heuristic_ee4011b5": {
    "model_id": "heuristic_ee4011b5",
    "games_played": 50,
    "wins": 13,
    "total_score": -5584,
    "estimation_accuracy_sum": -16.327142857142857,
    "estimation_accuracy": -0.32654285714285713,
    "win_rate": 0.26,
    "avg_score_per_game": -111.68
  },
  "heuristic_94b8a852": {
    "model_id": "heuristic_94b8a852",
    "games_played": 50,
    "wins": 13,
    "total_score": -5604,
    "estimation_accuracy_sum": -10.732380952380957,
    "estimation_accuracy": -0.21464761904761914,
    "win_rate": 0.26,
    "avg_score_per_game": -112.08
  }
}