{
  "NADL_v1.0": {
    "model_id": "NADL_v1.0",
    "games_played": 3000,
    "wins": 801,
    "total_score": -868782,
    "estimation_accuracy_sum": -810.051256613756,
    "estimation_accuracy": -0.27001708553791864,
    "win_rate": 0.267,
    "avg_score_per_game": -289.594
  },
  "heuristic_18a7974d": {
    "model_id": "heuristic_18a7974d",
    "games_played": 1000,
    "wins": 203,
    "total_score": -305466,
    "estimation_accuracy_sum": -302.8239417989419,
    "estimation_accuracy": -0.3028239417989419,
    "win_rate": 0.203,
    "avg_score_per_game": -305.466
  },
  "heuristic_bb4e77f9": {
    "model_id": "heuristic_bb4e77f9",
    "games_played": 1000,
    "wins": 293,
    "total_score": -282818,
    "estimation_accuracy_sum": -110.25674603174605,
    "estimation_accuracy": -0.11025674603174605,
    "win_rate": 0.293,
    "avg_score_per_game": -282.818
  },
  "heuristic_170b42ce": {
    "model_id": "heuristic_170b42ce",
    "games_played": 1000,
    "wins": 219,
    "total_score": -319665,
    "estimation_accuracy_sum": -46.34332010582011,
    "estimation_accuracy": -0.04634332010582011,
    "win_rate": 0.219,
    "avg_score_per_game": -319.665
  }
}