{
  "heuristic_2b11a57f": {
    "model_id": "heuristic_2b11a57f",
    "games_played": 50,
    "wins": 16,
    "total_score": -4714,
    "estimation_accuracy_sum": -12.8452380952381,
    "estimation_accuracy": -0.256904761904762,
    "win_rate": 0.32,
    "avg_score_per_game": -94.28
  },
  "heuristic_566dd4f5": {
    "model_id": "heuristic_566dd4f5",
    "games_played": 50,
    "wins": 15,
    "total_score": -4987,
    "estimation_accuracy_sum": -27.11714285714286,
    "estimation_accuracy": -0.5423428571428572,
    "win_rate": 0.3,
    "avg_score_per_game": -99.74
  },
  "heuristic_15610e44": {
    "model_id": "heuristic_15610e44",
    "games_played": 50,
    "wins": 12,
    "total_score": -4699,
    "estimation_accuracy_sum": -16.787380952380957,
    "estimation_accuracy": -0.33574761904761913,
    "win_rate": 0.24,
    "avg_score_per_game": -93.98
  },
  "heuristic_b79f4d33": {
    "model_id": "heuristic_b79f4d33",
    "games_played": 50,
    "wins": 7,
    "total_score": -5905,
    "estimation_accuracy_sum": -19.622380952380954,
    "estimation_accuracy": -0.3924476190476191,
    "win_rate": 0.14,
    "avg_score_per_game": -118.1
  }
}