{
  "NADL_v1.0": {
    "model_id": "NADL_v1.0",
    "games_played": 1000,
    "wins": 258,
    "total_score": -295533,
    "estimation_accuracy_sum": -282.17440476190467,
    "estimation_accuracy": -0.2821744047619047,
    "win_rate": 0.258,
    "avg_score_per_game": -295.533
  },
  "heuristic_98674a81": {
    "model_id": "heuristic_98674a81",
    "games_played": 1000,
    "wins": 225,
    "total_score": -307777,
    "estimation_accuracy_sum": -311.43353174603163,
    "estimation_accuracy": -0.3114335317460316,
    "win_rate": 0.225,
    "avg_score_per_game": -307.777
  },
  "heuristic_f583c743": {
    "model_id": "heuristic_f583c743",
    "games_played": 1000,
    "wins": 300,
    "total_score": -281616,
    "estimation_accuracy_sum": -111.0408730158729,
    "estimation_accuracy": -0.1110408730158729,
    "win_rate": 0.3,
    "avg_score_per_game": -281.616
  },
  "heuristic_9a669977": {
    "model_id": "heuristic_9a669977",
    "games_played": 1000,
    "wins": 217,
    "total_score": -313260,
    "estimation_accuracy_sum": -24.25795855379186,
    "estimation_accuracy": -0.02425795855379186,
    "win_rate": 0.217,
    "avg_score_per_game": -313.26
  }
}